Branch,Street Address,City,State,ZIP
San Francisco - Main,124 2nd St,San Francisco,CA,94105
San Francisco - Sunset,1405 Noriega St,San Francisco,CA,94122
Daly City,362 Gellert Blvd,Daly City,CA,94015
Berkeley,2033 Kala Bagai Way,Berkeley,CA,94704
Oakland,360 22nd St,Oakland,CA,94612
Oakland City Center,"1200 Clay St, Suite 130",Oakland,CA,94612
San Bruno,"1050 Admiral Ct, Suite F",San Bruno,CA,94066
Hayward,24703 Amador St,Hayward,CA,94545
Lafayette,"3498 Mount Diablo Blvd, Suite A",Lafayette,CA,94549
Fremont,5166 Mowry Ave,Fremont,CA,94538
Walnut Creek,1790 N Broadway,Walnut Creek,CA,94596
Concord,"1390 Willow Pass Rd, Suite 100",Concord,CA,94520
San Mateo,51 Bovet Rd,San Mateo,CA,94402
Livermore,2245 Las Positas Rd,Livermore,CA,94551
Brentwood,"5601 Lone Tree Way, Suite T-110",Brentwood,CA,94513
Sacramento,"2425 Fair Oaks Blvd, Suite 6",Sacramento,CA,95825
Castro Valley,4055 E Castro Valley Blvd,Castro Valley,CA,94552
Redwood City,1105 Veterans Blvd,Redwood City,CA,94063
Milpitas,1351 McCandless Dr,Milpitas,CA,95035
Novato,"112 Vintage Way, Suite C1",Novato,CA,94945
Sunnyvale,332 W El Camino Real,Sunnyvale,CA,94087
Pleasanton,"4515 Rosewood Dr, Suite 800",Pleasanton,CA,94588
Dublin,3 Park Pl,Dublin,CA,94588
San Ramon,"6000 Bollinger Canyon Rd, Suite 1612",San Ramon,CA,94583
Danville,310 Hartz Ave,Danville,CA,94526
Campbell,"1790 S Bascom Ave, Suite 110",Campbell,CA,95008
Santa Rosa,1965 Cleveland Ave,Santa Rosa,CA,95401
Rohnert Park,985 Golf Course Dr,Rohnert Park,CA,94928
Roseville,5040 Foothills Blvd,Roseville,CA,95747
Citrus Heights,"6100 Birdcage St, Suite 125",Citrus Heights,CA,95610
Elk Grove,9121 E Stockton Blvd,Elk Grove,CA,95624
Folsom,"1300 E Bidwell St, Suite 155",Folsom,CA,95630
San Leandro,15100 Hesperian Blvd,San Leandro,CA,94578
San Jose - Almaden,"5185 Cherry Ave, Suite 50",San Jose,CA,95118
Fairfield,"3101 Travis Blvd, Suite A",Fairfield,CA,94534
Santa Clara,2654 El Camino Real,Santa Clara,CA,95051
Armonk - IBM,1 New Orchard Road,Armonk,NY,10504
New York - IBM,1 Madison Avenue,New York,NY,10010
Poughkeepsie - IBM,2455 South Road,Poughkeepsie,NY,12601
Yorktown Heights - IBM,1101 Kitchawan Road,Yorktown Heights,NY,10598
North Castle - IBM,294 Route 100,North Castle,NY,10504
Durham - IBM,3039 E Cornwallis Road,Durham,NC,27703
Austin - IBM,11501 Burnet Road,Austin,TX,78758
Rochester - IBM,3605 Highway 52 North,Rochester,MN,55901
San Jose - IBM Almaden,650 Harry Road,San Jose,CA,95120
San Francisco - IBM,425 Market Street,San Francisco,CA,94105
Chicago - IBM,330 North Wabash Avenue,Chicago,IL,60611
Washington - IBM,600 14th Street NW,Washington,DC,20005
Atlanta - IBM One Atlantic,1201 W Peachtree Street NW,Atlanta,GA,30309
Cambridge - IBM,75 Binney Street,Cambridge,MA,02142
Atlanta - IBM Sandy Springs,6303 Barfield Road,Atlanta,GA,30328
Coppell - IBM,1177 South Belt Line Road,Coppell,TX,75019
Paramus - IBM,461 From Road,Paramus,NJ,07652
San Jose - IBM Silicon Valley,555 Bailey Avenue,San Jose,CA,95141
Denver - IBM,4700 S Syracuse Street,Denver,CO,80237
Seattle - IBM,1200 5th Avenue,Seattle,WA,98101
Phoenix - IBM,2929 N Central Avenue,Phoenix,AZ,85012
Columbia - IBM,550 Assembly Street,Columbia,SC,29201
Fishkill - IBM,994 River Road,Fishkill,NY,12524
Endicott - IBM,1701 N Street,Endicott,NY,13760
Boca Raton - IBM,5000 Technology Way,Boca Raton,FL,33431
Bedford - IBM,5 Kilton Road,Bedford,NH,03110
Houston - IBM,2 Greenway Plaza,Houston,TX,77046
Baltimore - IBM,100 E Pratt Street,Baltimore,MD,21202
Gaithersburg - IBM,18100 Crestwood Drive,Gaithersburg,MD,20879
Blue Bell - IBM,1000 River Road,Blue Bell,PA,19422
Tampa - IBM,5426 Bay Center Drive,Tampa,FL,33609
Jacksonville - IBM,4720 Salisbury Road,Jacksonville,FL,32256
Miami - IBM,1001 Brickell Bay Drive,Miami,FL,33131
Fort Lauderdale - IBM,200 E Las Olas Boulevard,Fort Lauderdale,FL,33301
Orlando - IBM,800 N Magnolia Avenue,Orlando,FL,32803
McLean - IBM,7900 Westpark Drive,McLean,VA,22102
Reston - IBM,11951 Freedom Drive,Reston,VA,20190
Portland - IBM,1001 SW 5th Avenue,Portland,OR,97204
Rancho Cordova - IBM,2870 Kilgore Road,Rancho Cordova,CA,95670
Glendale - IBM,500 N Brand Boulevard,Glendale,CA,91203
San Diego - IBM,9710 Scranton Road,San Diego,CA,92121
Minneapolis - IBM,7900 W 78th Street,Minneapolis,MN,55439
St. Louis - IBM,200 N Broadway,St. Louis,MO,63102
Kansas City - IBM,4520 Main Street,Kansas City,MO,64111
Columbus - IBM,500 Nationwide Boulevard,Columbus,OH,43215
Cleveland - IBM,127 Public Square,Cleveland,OH,44114
Cincinnati - IBM,312 Walnut Street,Cincinnati,OH,45202
Troy - IBM,2600 W Big Beaver Road,Troy,MI,48084
Pittsburgh - IBM,600 Grant Street,Pittsburgh,PA,15219
Indianapolis - IBM,201 N Illinois Street,Indianapolis,IN,46204
Nashville - IBM,401 Commerce Street,Nashville,TN,37219
Memphis - IBM,6750 Poplar Avenue,Memphis,TN,38138
New Orleans - IBM,201 St Charles Avenue,New Orleans,LA,70170
Oklahoma City - IBM,100 N Broadway Avenue,Oklahoma City,OK,73102
Hartford - IBM,100 Pearl Street,Hartford,CT,06103
Stamford - IBM,100 First Stamford Place,Stamford,CT,06902
Providence - IBM,100 Westminster Street,Providence,RI,02903
Salt Lake City - IBM,299 S Main Street,Salt Lake City,UT,84111
Las Vegas - IBM,3800 Howard Hughes Parkway,Las Vegas,NV,89169
Albuquerque - IBM,6501 Americas Parkway NE,Albuquerque,NM,87110
Omaha - IBM,1299 Farnam Street,Omaha,NE,68102
Charlotte - IBM,3033 Ridgeway Drive,Charlotte,NC,28217
Raleigh - IBM,4201 Six Forks Road,Raleigh,NC,27609
